foa_id,title,agency,source,open_date,close_date,eligibility,description,award_min,award_max,source_url,tags_research_domains,tags_methods,tags_populations,tags_sponsor_themes,ingested_at
nsf-2449121,Collaborative Research: RUI: Evaluating the Impacts of Toxic Dust from the Great Salt Lake on Agriculture and Ecosystems,NSF,nsf,2026-09-01T00:00:00,2029-08-31T00:00:00,,"The Great Salt Lake (GSL) is vital to Utah’s economy, contributing over $1 billion annually through mineral extraction, brine shrimp harvesting, and recreation. However, the lake has reached historically low water levels due to upstream water diversions for agriculture, industry, and municipalities. As the lake shrinks, the newly exposed lakebed is emitting wind-blown dust containing harmful heavy metals like arsenic and lead—byproducts of past industrial activity. This toxic dust threatens public health, agriculture, and ecosystems, with risks that extend far beyond the lake itself. This project will shed light on the role that dust plays in depositing heavy metals into ecosystems and onto important crops including corn and alfalfa. As metals accumulate in plants, they may ascend the food chain into livestock, predators, and ultimately humans, with a variety of negative health outcomes. Therefore, the results of this study will have direct implications for the health of ecosystems and",480175.0,480175.0,https://www.nsf.gov/awardsearch/showAward?AWD_ID=2449121,Public Health,,Children & Youth | Older Adults,,2026-03-02T12:47:32.340586+00:00
nsf-2449122,Collaborative Research: RUI: Evaluating the Impacts of Toxic Dust from the Great Salt Lake on Agriculture and Ecosystems,NSF,nsf,2026-09-01T00:00:00,2029-08-31T00:00:00,,"The Great Salt Lake (GSL) is vital to Utah’s economy, contributing over $1 billion annually through mineral extraction, brine shrimp harvesting, and recreation. However, the lake has reached historically low water levels due to upstream water diversions for agriculture, industry, and municipalities. As the lake shrinks, the newly exposed lakebed is emitting wind-blown dust containing harmful heavy metals like arsenic and lead—byproducts of past industrial activity. This toxic dust threatens public health, agriculture, and ecosystems, with risks that extend far beyond the lake itself. This project will shed light on the role that dust plays in depositing heavy metals into ecosystems and onto important crops including corn and alfalfa. As metals accumulate in plants, they may ascend the food chain into livestock, predators, and ultimately humans, with a variety of negative health outcomes. Therefore, the results of this study will have direct implications for the health of ecosystems and",154191.0,154191.0,https://www.nsf.gov/awardsearch/showAward?AWD_ID=2449122,Public Health,,Children & Youth | Older Adults,,2026-03-02T12:47:32.339562+00:00
nsf-2449123,Collaborative Research: RUI: Evaluating the Impacts of Toxic Dust from the Great Salt Lake on Agriculture and Ecosystems,NSF,nsf,2026-09-01T00:00:00,2029-08-31T00:00:00,,"The Great Salt Lake (GSL) is vital to Utah’s economy, contributing over $1 billion annually through mineral extraction, brine shrimp harvesting, and recreation. However, the lake has reached historically low water levels due to upstream water diversions for agriculture, industry, and municipalities. As the lake shrinks, the newly exposed lakebed is emitting wind-blown dust containing harmful heavy metals like arsenic and lead—byproducts of past industrial activity. This toxic dust threatens public health, agriculture, and ecosystems, with risks that extend far beyond the lake itself. This project will shed light on the role that dust plays in depositing heavy metals into ecosystems and onto important crops including corn and alfalfa. As metals accumulate in plants, they may ascend the food chain into livestock, predators, and ultimately humans, with a variety of negative health outcomes. Therefore, the results of this study will have direct implications for the health of ecosystems and",263663.0,263663.0,https://www.nsf.gov/awardsearch/showAward?AWD_ID=2449123,Public Health,,Children & Youth | Older Adults,,2026-03-02T12:47:32.340972+00:00
nsf-2507640,Postdoctoral Fellowship: PRFB: The Role of Plant Immunity in Driving Maize Microbe-Dependent Heterosis,NSF,nsf,2026-08-15T00:00:00,2029-07-31T00:00:00,,"This action funds an NSF Postdoctoral Research Fellowship in Biology for FY 2025. The fellowship supports research and training of the fellow that will contribute to biology in innovative ways. Hybrids dominate commercial crop production because crosses between pure lines produce offspring with characteristcs that result in better yields. This phenomenon is called hybrid vigor or heterosis. Heterosis is influenced by various factors, including the microbes (microbiome) that associate with the root tissue, although the exact mechanisms remain unclear. The fellow will use maize pure lines and hybrids to investigate how immune responses to microbes differ between the plants. Immune responses are important for initial recognition of microbes and for plant defense. Learning more about how hybrid immunity plays a role in plant health will inform crop protection strategies and offer new methods for integrating microbiome science into sustainable agriculture. Additionally, this project include",270000.0,270000.0,https://www.nsf.gov/awardsearch/showAward?AWD_ID=2507640,Education Research | Environmental Science,Genomics / Bioinformatics,,Convergence Research | National Security | Workforce Development,2026-03-02T12:47:32.341080+00:00
nsf-2507847,Postdoctoral Fellowship: PRFB: Using the introduced parrots of southern California as a model system for studying evolutionary response to a rapid shift in environmental conditions,NSF,nsf,2026-09-01T00:00:00,2029-08-31T00:00:00,,"This action funds an NSF Postdoctoral Research Fellowship in Biology for FY 2025. The fellowship supports research and training of the fellow that will contribute to biology in innovative ways. A fundamental goal of evolutionary biology is to understand how organisms adapt and change in response to their environments. But this is challenging to study in nature because most organisms we observe today have been evolving gradually in concert with their environmental conditions for thousands to millions of years. To work around this challenge the fellow will use the wild population of parrots (genus Amazona) in southern California, which descend from pet birds released within the last 70 years, as a natural experiment. This natural experiment will reveal how quickly bird populations are able to adapt to new environments and reveal the physical and genetic changes that help them to survive and thrive alongside humans in urban areas. Members of the local southern California community can pla",270000.0,270000.0,https://www.nsf.gov/awardsearch/showAward?AWD_ID=2507847,,Experimental Research,,Workforce Development,2026-03-02T12:47:32.340832+00:00
nsf-2507852,"Postdoctoral Fellowship: PRFB: Testing a role for interspecific interactions in signal evolution, speciation, and sympatry in birds",NSF,nsf,2026-08-15T00:00:00,2029-07-31T00:00:00,,"This action funds an NSF Postdoctoral Research Fellowship in Biology for FY 2025. The fellowship supports research and training of the fellow that will contribute to biology in innovative ways. In tropical areas with thousands of species, many different birds coexist in the same environment. These species often look remarkably different, exhibiting a variety of colors and patterns that distinguish them to human viewers and to one another. Plumage colors act as species-specific “identifiers” which enable birds to recognize and choose mates from their own species instead of others. This mate choice allows different birds to coexist in the same place as distinct species. The project explores the evolutionary history and genetic basis of vibrant plumage coloration in one group of tropical birds (tanagers), to understand species formation and coexistence. Simultaneously, the fellow will contribute to the growth and modernization of natural history museums by developing exhibits on bird colo",270000.0,270000.0,https://www.nsf.gov/awardsearch/showAward?AWD_ID=2507852,,Genomics / Bioinformatics,,Workforce Development,2026-03-02T12:47:32.341299+00:00
nsf-2508114,Postdoctoral Fellowship: PRFB: Mapping the Bumblebee Social Network Across Levels of Organization,NSF,nsf,2026-09-01T00:00:00,2029-08-31T00:00:00,,"This action funds an NSF Postdoctoral Research Fellowship in Biology for FY 2025. The fellowship supports research and training of the fellow that will contribute to biology in innovative ways. Effective information processing is crucial for species to respond appropriately to their environment, particularly in social species like humans that integrate a wide range of individual experiences into collective responses. Theoretical models that are grounded in real world observations are needed to explain and predict patterns of social communication across species. This research addresses this need by using the common eastern bumblebee (Bombus impatiens) to trace the flow of nutritional information throughout the colony. Bumblebee colonies are an optimal model to test key hypotheses in social communication due to their complex social behaviors and ease with which they can be manipulated for study. This research will leverage this model, integrating methods in behavioral ecology and deep-le",270000.0,270000.0,https://www.nsf.gov/awardsearch/showAward?AWD_ID=2508114,Environmental Science | Mathematics,,Older Adults,Workforce Development,2026-03-02T12:47:32.340710+00:00
nsf-2517022,Gel Electromicrofluidics Assisted In Situ Single Cell Analysis,NSF,nsf,2026-07-01T00:00:00,2029-06-30T00:00:00,,"Analyzing single cells under a microscope is a powerful tool in healthcare, medicine, and homeland security. Typically, biological samples are spread onto glass slides for microscopic examination to detect pathogens or identify biowarfare agents. Current single-cell imaging systems use high-resolution microscopy, which captures only a small sample volume, resulting in limited sensitivity. This project will develop a gel electromicrofluidics (GEM) platform that enhances single-cell imaging by amplifying small, hard-to-detect cells into large, bright fluorescent spots. The technology will improve both sensitivity and throughput, enabling rapid and accurate disease diagnostics. The research will be integrated across several educational fronts, including student-designed projects, graduate program development, undergraduate research opportunities, and outreach programs. This research will establish a GEM-assisted platform, which incorporates sensing gel, electromicrofluidics, and electroki",450000.0,450000.0,https://www.nsf.gov/awardsearch/showAward?AWD_ID=2517022,Materials Science,,Older Adults,National Security,2026-03-02T12:47:37.486125+00:00
nsf-2517708,"Postdoctoral Fellowship: EAR-PF: Reconstructing and Modeling Hydrology, Vegetation, and Ocean Temperatures at the Mio-Pliocene Re-Flooding of the Mediterranean",NSF,nsf,2026-07-01T00:00:00,2028-06-30T00:00:00,,"Six million years ago (6 Ma), during the late Miocene epoch, tectonic activity closed the Mediterranean Sea. During this “Messinian Salinity Crisis (MSC),” the Mediterranean dried up, becoming a warm, windy desert around isolated brackish lakes. At the end of the Crisis (5.3 Ma), the Straits of Gibraltar opened, rapidly reflooding the Mediterranean, reconnecting it with the Atlantic and establishing present-day geography and circulation. The MSC’s effects on the hydrologic budget and plant species of Mediterranean Europe and Africa as well as Atlantic Ocean temperatures are still largely unknown. Using the MSC as a “natural laboratory,” this postdoctoral fellowship project will investigate what happens to the surrounding environment when 4 million cubic kilometers of water evaporates, then returns. This will improve our understanding of water resources in arid environments and regional-scale responses of plant communities to changes in rainfall and temperature, helping the U.S. predict",334990.0,334990.0,https://www.nsf.gov/awardsearch/showAward?AWD_ID=2517708,Environmental Science | Mathematics,,,Workforce Development,2026-03-02T12:47:37.486329+00:00
nsf-2527972,Social Mobility through ARkansas Tech program,NSF,nsf,2026-07-01T00:00:00,2032-06-30T00:00:00,,"This project will contribute to the national need for well-educated scientists, mathematicians, engineers, and technicians by supporting the retention and graduation of high-achieving, low-income students with demonstrated financial need at Arkansas Tech University. A total of 40 scholars pursuing Bachelor of Science in Computer Science, Cybersecurity, Mathematics, Physics, Engineering Physics, Computer Engineering, Electrical Engineering, and Mechanical Engineering will receive scholarships averaging $7,000 for up to five years. Scholars will receive faculty mentoring and the project will build strong scholar cohorts through a living learning community, social and networking opportunities, and events that promote family and community involvement. Additional activities for scholars include research internships, micro-internships, and career shadowing. The overall goal of this Track 1 Scholarships in STEM project is to increase STEM degree completion of academically talented, low-income",2000000.0,2000000.0,https://www.nsf.gov/awardsearch/showAward?AWD_ID=2527972,Artificial Intelligence | Cybersecurity | Engineering | Materials Science | Mathematics,,Older Adults | Underserved Communities,,2026-03-02T12:47:32.342744+00:00
nsf-2529183,Collaborative Research: Using AI-powered Non-lethal Sampling to Inform Evidence-based Forest Management Practices and Enhance Pollinator Conservation,NSF,nsf,2026-09-01T00:00:00,2030-08-31T00:00:00,,"The United States is home to nearly 4,000 species of native bees, which are important for the ecosystem. Unfortunately, declines in many economically important species have been documented in past years. Recent studies found regenerating forests that are managed for timber in the United States can be refuges for wild and native pollinators, including rare and economically important species of bees. However, despite this knowledge, there remains a lack of sustainable management practices for conservation of wild bees in managed forests. Moreover, monitoring bee pollinators in forests is currently very difficult and unfortunately destructive in nature, as it requires lethal trapping of individuals, which are then identified in a laboratory. Lethal trapping methods can have negative impacts on pollinator populations and are labor-intensive and inefficient. Furthermore, pollinators may be shifting their activity based on changes in average temperature, and we currently do not have effectiv",797762.0,797762.0,https://www.nsf.gov/awardsearch/showAward?AWD_ID=2529183,Artificial Intelligence | Environmental Science,,,"Equity, Diversity & Inclusion",2026-03-02T12:47:32.338818+00:00
nsf-2529184,Collaborative Research: Using AI-powered Non-lethal Sampling to Inform Evidence-based Forest Management Practices and Enhance Pollinator Conservation,NSF,nsf,2026-09-01T00:00:00,2030-08-31T00:00:00,,"The United States is home to nearly 4,000 species of native bees, which are important for the ecosystem. Unfortunately, declines in many economically important species have been documented in past years. Recent studies found regenerating forests that are managed for timber in the United States can be refuges for wild and native pollinators, including rare and economically important species of bees. However, despite this knowledge, there remains a lack of sustainable management practices for conservation of wild bees in managed forests. Moreover, monitoring bee pollinators in forests is currently very difficult and unfortunately destructive in nature, as it requires lethal trapping of individuals, which are then identified in a laboratory. Lethal trapping methods can have negative impacts on pollinator populations and are labor-intensive and inefficient. Furthermore, pollinators may be shifting their activity based on changes in average temperature, and we currently do not have effectiv",249947.0,249947.0,https://www.nsf.gov/awardsearch/showAward?AWD_ID=2529184,Artificial Intelligence | Environmental Science,,,"Equity, Diversity & Inclusion",2026-03-02T12:47:32.340132+00:00
nsf-2533679,NLI: Design and Development: Cross disciplinary co-teaching sustainability across the formal and informal engineering undergraduate curriculum,NSF,nsf,2026-07-01T00:00:00,2029-06-30T00:00:00,,"Over the past two decades, efforts to reduce waste, reuse materials, and design products to last have become more important in how we approach business, design, and engineering. These ideas are foundational to a circular economy, wherein landfill waste is significantly reduced, and central to global efforts to fight climate change. As such, teaching engineering students the concepts of sustainability is now critical, yet many college programs focus mostly on theory and hypothetical scenarios. Hands-on experiences that help students connect classroom learning to real-world challenges are distinctly lacking. These endeavors can include working with local community partners, collaborating with businesses, or using creative spaces like makerspaces. This project proposes an approach that addresses these deficits: embedding sustainability into core courses using faculty expertise that already exists within the school, developing a new course that pairs undergraduate students with community p",400000.0,400000.0,https://www.nsf.gov/awardsearch/showAward?AWD_ID=2533679,Climate Science | Education Research | Mathematics,Qualitative Research | Survey Research,,Innovation & Commercialization | Sustainability,2026-03-02T12:47:32.342894+00:00
nsf-2540003,CAREER: Aqueous Click Functionalization of Nanocellulose for Scalable Production of Property Programmable Plastics,NSF,nsf,2026-09-01T00:00:00,2031-08-31T00:00:00,,"NON-TECHNICAL SUMMARY Plastic waste is a growing environmental and societal challenge, with millions of tons accumulating in landfills and oceans each year. These plastics persist for centuries, harming ecosystems and public health. This research addresses this problem by creating sustainable plastics that can naturally decompose, using plant-based materials called cellulose nanofibers. These nanoscale fibers are abundant, break down safely, and derived from the non-edible parts of plants, making them a promising alternative to current commercial plastics. However, due to limited methods to modify plant nanofibers at scale, plastics made from these materials have constrained properties and functionality, preventing their widespread use. This research tackles these limitations combining eco-friendly chemistry with artificial intelligence and machine learning (AI/ML) to develop plant nanofiber-based plastics with “programmable” properties, meaning their resistance to breakage, water barr",348961.0,348961.0,https://www.nsf.gov/awardsearch/showAward?AWD_ID=2540003,Artificial Intelligence | Biomedical Research | Data Science | Education Research | Environmental Science | Machine Learning | Materials Science | Public Health | Robotics,Experimental Research | Machine Learning Methods,Older Adults,Innovation & Commercialization | Workforce Development,2026-03-02T12:47:32.340294+00:00
nsf-2540176,CAREER: Bioengineering of a Human Blood-Spinal Cord Barrier-on-a-Chip,NSF,nsf,2026-07-01T00:00:00,2031-06-30T00:00:00,,"The human body has a protective shield between the bloodstream and the central nervous system (CNS). This shield includes the blood-spinal cord barrier (BSCB). The BSCB strictly controls which molecules enter the spinal cord. A damaged or compromised BSCB can contribute to neurological disorders, including spinal cord injuries and Amyotrophic Lateral Sclerosis (ALS). Studying these diseases or testing new treatments is challenging, because researchers do not have laboratory models that accurately mimic the BSCB. This CAREER project will bioengineer a ""BSCB-on-a-chip."" The project will use advanced stem cell technology and micro-engineering tools to create a three-dimensional (3D) model that replicates complex interactions between human spinal cord tissue and blood vessels. The BSCB-on-a-chip will help researchers understand how the spinal cord barrier develops and screen new drugs without extensive animal testing. The project will also provide interdisciplinary training for college stu",600000.0,600000.0,https://www.nsf.gov/awardsearch/showAward?AWD_ID=2540176,,,Children & Youth,"Convergence Research | Equity, Diversity & Inclusion | Workforce Development",2026-03-02T12:47:37.485944+00:00
nsf-2540313,CAREER: Topological quantum devices as a window into strongly correlated matter,NSF,nsf,2026-08-01T00:00:00,2031-07-31T00:00:00,,"NONTECHNICAL SUMMARY A central challenge for quantum materials is understanding how large numbers of electrons interact and organize themselves into collective quantum states. These interactions often lead to emergent behavior, where the system exhibits new properties that are more than those of the sum of its parts. Well-known examples include superconductivity, which enables electric current to flow without resistance, and magnetism, which enables materials to generate magnetic fields. These phenomena have led to mature applications in technologies such as medical imaging and magnetic storage. Even more exotic is the phenomenon of charge fractionalization, where the material behaves as if its electrons have split up and carry a fraction of the electron charge. Such effects could potentially be harnessed to enable noise-resilient quantum information processing. Recent advances in experimental techniques have made it possible to fabricate and measure mesoscopic-scale quantum devices th",360000.0,360000.0,https://www.nsf.gov/awardsearch/showAward?AWD_ID=2540313,Quantum Computing,Experimental Research,Older Adults,Workforce Development,2026-03-02T12:47:32.341763+00:00
nsf-2540369,CAREER: Establishing Structure-property Relationships in Anion Exchange Membranes to Empower Water Electrolysis,NSF,nsf,2026-08-01T00:00:00,2031-07-31T00:00:00,,"Hydrogen is used as transportation fuel, to produce ammonia for fertilizers, and to upgrade oil for numerous products. This project seeks to lower the cost of producing hydrogen by improving water electrolysis technology. Electrolyzers use ion-conducting membranes as separators. The project will identify relationships between membrane polymer structure of the membrane and its performance in an electrolyzer. These relationships are not well understood. The goal is to design efficient ion-conducting membranes that remain stable over time. The results of the project will help guide membrane design. The project will provide hands-on learning activities that connect to the research. It will create a training environment that prepares students for careers in polymer science and electrochemical engineering. Training activities will emphasize laboratory work, mentorship, teamwork, and clear scientific communication. The research will support manufacturing and the domestic energy industry. The ",582747.0,582747.0,https://www.nsf.gov/awardsearch/showAward?AWD_ID=2540369,Engineering | Materials Science,,,Innovation & Commercialization | Workforce Development,2026-03-02T12:47:32.341854+00:00
nsf-2541217,CAREER: Understanding Traumatic Brain Injury Through Cross Species Brain Biomechanics,NSF,nsf,2026-07-01T00:00:00,2031-06-30T00:00:00,,"This Faculty Early Career Development Program (CAREER) award supports a research and education program that improves the understanding of how head impacts and traumatic events cause brain injury in humans and animals. Traumatic brain injury is a major cause of long-term disability and economic burden in the United States. However, brain injuries often occur at microscopic scales that cannot be seen in living humans, limiting efforts to understand and prevent them. This project will develop detailed digital models of human and animal brains to examine how features such as brain shape, folding patterns, and nerve fiber pathways influence where injuries occur and how they spread through the brain. The project will advance scientific understanding of brain injury and help inform the development of more effective protective strategies for the general population. It will also support the design of animal studies that better reflect human injury, reducing the need for new animal testing in al",600000.0,600000.0,https://www.nsf.gov/awardsearch/showAward?AWD_ID=2541217,Machine Learning,Simulation,Older Adults,Workforce Development,2026-03-02T12:47:32.341956+00:00
nsf-2541375,CAREER: Modeling High Free Volume Polymers: Influence of Free Volume Element Distribution and Chain Dynamics on Physical Aging,NSF,nsf,2026-08-01T00:00:00,2031-07-31T00:00:00,,"NONTECHNICAL Summary This award supports computational research and education to advance understanding of physical polymer aging, the process where the configuration of atoms relaxes over time leading to changes the properties of polymers. Polymers are long chain molecules made of several repeating units. When these chains are tangled and randomly arranged without any order, the polymer is said to be ‘amorphous’. Below the glass transition temperature (the point at which the polymer changes from soft and flexible to hard and glass-like), amorphous polymers are widely used in applications ranging from storage and packaging to separation technologies. Owing to their low cost and ease of manufacturing, polymer membranes have the potential to dramatically reduce the energy required for industrial separations, which currently account for a substantial fraction of global energy consumption. Polymers of intrinsic microporosity are especially promising membrane materials because their loosely ",384961.0,384961.0,https://www.nsf.gov/awardsearch/showAward?AWD_ID=2541375,Materials Science,Experimental Research | Simulation,Children & Youth | Older Adults | Persons with Disabilities,Workforce Development,2026-03-02T12:47:32.341617+00:00
nsf-2541578,Summer School on Understanding the Earth System Across Scales Workshop,NSF,nsf,2026-08-15T00:00:00,2027-07-31T00:00:00,,"This award supports a summer workshop for graduate students and early-career scientists that combines lectures with hands-on small groups research projects in hackathon-style format. The workshop addresses the growing need for more accurate forecasts of conditions that affect daily life, from severe storms to heat waves to long-term shifts in weather patterns. Reliable forecasts across a wide range of time scales are essential for protecting life and property, and supporting preparedness and planning. By bringing together emerging researchers, the workshop also helps build the skilled workforce needed to advance forecasting science. The theme of this year's workshop is understanding the Earth systems across scales, motivated by the need for better predictions of weather phenomena. Participants will explore several key challenges, including why forecasts often lose accuracy in the period between about two weeks and one month; how interactions across scales, from local weather systems to",49828.0,49828.0,https://www.nsf.gov/awardsearch/showAward?AWD_ID=2541578,Artificial Intelligence,,,,2026-03-02T12:47:32.341179+00:00
nsf-2541871,CAREER: Understanding Intermediate Sulfur Phases for Enhanced Energy Storage,NSF,nsf,2026-07-01T00:00:00,2031-06-30T00:00:00,,"Sulfur is an attractive material for energy storage because it is abundant, inexpensive, and can store more energy than materials used in batteries today. Still, sulfur-based batteries have not reached their full potential. The various forms sulfur takes during operations are not well understood. This project focuses on a newly discovered liquid sulfur phase. This liquid form of sulfur has not been explored even though it may be a transformative energy material. The project will investigate how different sulfur phases form, transform, and interact with electrodes during charging and discharging. The team will design sulfur-based electrochemical cells that deliver high energy density quickly and efficiently. The project will lead to a better understanding of sulfur phases and pave the way for low-cost, high-performance sulfur-based energy storage systems. The project will establish a Microscopy, Spectroscopy, and Electrochemical Characterizations (MSEC) program for OU students and the l",619838.0,619838.0,https://www.nsf.gov/awardsearch/showAward?AWD_ID=2541871,,,,,2026-03-02T12:47:32.343118+00:00
nsf-2542214,CAREER: Unraveling contributions of passive and active joint stabilizers to advance fundamental knowledge of joint instability,NSF,nsf,2026-07-01T00:00:00,2031-06-30T00:00:00,,"This CAREER project will help unravel the contributions of tissues that stabilize joints. Injuries and diseases, such as osteoarthritis, can lead to joint instability that limits function and accelerates degeneration. The root cause of joint instability is not well understood because the contributions of different stabilizing tissues are intertwined. This project will advance an algorithm to understand how different tissues stabilize joints during common movements. Robotic technologies will be developed to evaluate joint and tissue properties. Educational activities will include undergraduate student design of next generation exoskeletons for use by healthcare providers and student training. These activities will enhance student’s preparation for product design in industry and translation. This integrated effort combining biomechanics, robotics, and workforce training will pave the way for future treatments to mitigate the impacts of knee instability. This CAREER project will focus on ",629996.0,629996.0,https://www.nsf.gov/awardsearch/showAward?AWD_ID=2542214,Robotics,,,Workforce Development,2026-03-02T12:47:37.486491+00:00
nsf-2542943,CAREER: A Systematic Framework for Synergistic Co-Design of Form and Function in Hybrid Dynamical Systems,NSF,nsf,2026-09-01T00:00:00,2031-08-31T00:00:00,,"This Faculty Early Career Development Program (CAREER) grant funds research that enables general purpose robotic systems that can change their forms to optimally achieve a range of functions. This research introduces a systematic framework for synthesizing form and function within a dynamical system, replacing manual motion design with a scalable, tractable, and data-efficient approach. Unlike traditional fixed-form systems, whose shapes are determined at design time and tailored to specific tasks, this research enables next-generation platforms that can continuously morph to select shapes for solving complex multi-stage tasks in an optimal manner, thereby promoting the progress of science, advancing national prosperity and welfare, and securing the national defense. Tightly integrated with the research activities, this grant also funds a comprehensive outreach strategy to engage participants across various educational levels, including K-12 students, schoolteachers, undergraduate stud",611222.0,611222.0,https://www.nsf.gov/awardsearch/showAward?AWD_ID=2542943,Data Science | Education Research | Robotics,Participatory Research,Children & Youth,Convergence Research | National Security | Workforce Development,2026-03-02T12:47:32.340024+00:00
nsf-2543029,CAREER: Dynamical Analysis of Global Optimization Algorithms,NSF,nsf,2026-07-01T00:00:00,2031-06-30T00:00:00,,"The design of engineering systems – from chemical plants to molecular design – must be as effective as possible within limits imposed by costs, resources, physical laws, and safety rules. To find the best solution, engineers use computer programs called optimization solvers. Solvers rely on complex algorithms that need careful tuning by experts to perform well. This project will create a framework to better understand how these solvers work, focusing on how they rule out poor solutions and move toward the best one. By analyzing large amounts of data generated by the solvers and applying machine learning methods, the project will identify patterns to explain solver behavior. The results will help engineers interpret solver decisions and enable solvers to automatically improve their own performance, becoming faster and more accurate without manual adjustment. This data-driven approach can strengthen industrial automation systems, support materials and drug design, and speed up the develo",549353.0,549353.0,https://www.nsf.gov/awardsearch/showAward?AWD_ID=2543029,Data Science | Engineering | Machine Learning,Machine Learning Methods | Simulation,Older Adults,,2026-03-02T12:47:37.486688+00:00
nsf-2543094,CAREER: Improving Peer Interactions in Engineering: An Exploration of Peer Behaviors in Engineering Classrooms,NSF,nsf,2026-09-01T00:00:00,2031-08-31T00:00:00,,"Engineers need to create robust solutions for society through technological, infrastructural, and medical advancements. To accomplish such tasks requires that they effectively work on teams with people from a variety of backgrounds. Effective teamwork involves skills to promote positive collaboration such as addressing challenging interpersonal situations. This project will identify the ways engineering undergraduate peers interact with each other in the classroom and whether or not they have self-awareness about their behaviors toward others. The project also aims to determine whether certain teaching practices positively influence peer interactions in engineering. The findings of the study will help instructors across engineering disciplines, through their teaching practices, help their students learn how to prevent negative peer interactions so they can effectively work on teams, a key skill needed for productivity in the engineering workforce. By focusing on peer interaction during",500000.0,500000.0,https://www.nsf.gov/awardsearch/showAward?AWD_ID=2543094,Education Research,Qualitative Research | Survey Research,,"Equity, Diversity & Inclusion | Workforce Development",2026-03-02T12:47:32.340447+00:00
nsf-2543343,CAREER: Atomistic-Scale Investigation of How Chemical and Physical Heterogeneities Govern Ion-Selective Transport in Metal-Organic Framework Membranes,NSF,nsf,2026-09-01T00:00:00,2031-08-31T00:00:00,,"Modern technologies like lithium-ion batteries, electric vehicles, and advanced manufacturing depend on critical minerals. These minerals are often found in seawater, brines, and wastewater. The minerals of interest mix with other minerals of similar size and chemical behavior. Separating nearly identical ions is very difficult. Membrane-based separation methods are energy-efficient, but designing membranes that can tell similar ions apart is a challenge. This project will improve membrane design by analyzing how the membrane’s chemistry and internal structure control the motion of ions through membranes. The project will use quantum calculations and other simulations to produce models that predict the motion of ions. By identifying chemical features that help certain ions pass more easily than others, the project will support better membrane design. The results will improve U.S. critical mineral recovery, water treatment, and energy technologies, while also training students through c",548900.0,548900.0,https://www.nsf.gov/awardsearch/showAward?AWD_ID=2543343,,Experimental Research | Machine Learning Methods | Simulation,,Workforce Development,2026-03-02T12:47:32.339903+00:00
nsf-2543469,CAREER: Simulation Optimization Reimagined: Coupling Exploratory Simulation Analysis and Optimization for Holistic Decision Making,NSF,nsf,2026-07-01T00:00:00,2031-06-30T00:00:00,,"This Faculty Early Career Development Program (CAREER) grant will advance the national prosperity and economic welfare by enhancing the analytical capabilities of organizations in sectors such as healthcare, finance, construction, and national defense that leverage stochastic computer simulation models to make critical decisions in the face of uncertainty. This award supports a fundamental reinvention of how such models are paired with optimization methods to inform decision makers of risks and tradeoffs in stochastic system performance. This research will make simulation optimization approaches more systematic, productive, and aligned with user needs and facilitate more holistic decision making than conventional approaches. Close collaboration with industry partners will ensure the methods created are intuitive, informative, and practicable. The educational component of the project will create high school outreach activities and teaching modules that explore analysis techniques for si",551703.0,551703.0,https://www.nsf.gov/awardsearch/showAward?AWD_ID=2543469,,Machine Learning Methods | Simulation,,National Security | Workforce Development,2026-03-02T12:47:32.343000+00:00
nsf-2543603,CAREER: Integrated Digital Thread for Self-Evolving Cooperative Robotics Remanufacturing,NSF,nsf,2026-08-01T00:00:00,2031-07-31T00:00:00,,"Remanufacturing restores worn or damaged products to like-new performance, extending the life of high-value assets while reducing dependency on costly replacements and lowering supply chain vulnerability. Many repairs still depend on technician judgment that is difficult to document and is increasingly at risk as experienced workers retire faster than replacements can be trained. Although robots offer the potential to alleviate workforce shortages, today’s programmed automation is largely limited to repetitive operations and cannot replicate human-level reasoning and adaptability required to manage the unique geometries, uncertain damage states, and evolving conditions inherent to repair workflows. This Faculty Early Career Development (CAREER) project aims to create scientific and educational foundations for an integrated digital thread framework that enables autonomous, self-evolving cooperative robotic systems capable of additive repair. This project advances remanufacturing by movi",509434.0,509434.0,https://www.nsf.gov/awardsearch/showAward?AWD_ID=2543603,Artificial Intelligence | Education Research | Robotics,Simulation,,Workforce Development,2026-03-02T12:47:32.341432+00:00
nsf-2545233,A Generalizable Platform for Adaptive Control of Complex Biological Systems,NSF,nsf,2026-09-01T00:00:00,2029-08-31T00:00:00,,"Researchers who study human diseases or test new drugs often use microfluidic devices that contain embedded cells that mimic the behavior of specific organs. The usual approach is to make a change in the cells’ environment and observe changes in the health of the cells. This project will expand that approach by finding ways to control the health of the cells as their environment changes. The project will create an “organ-on-a-controller” system that controls the health and function of human liver cells called hepatocytes. The system will integrate three components: 1) miniature sensors that monitor multiple vital signs of the hepatocytes in real-time, such as protein production and metabolite levels; 2) a computer model that learns how the cells respond to different drugs or nutrients; and 3) an intelligent control system that uses this knowledge to automatically adjust the input to the cells so that a particular cellular health state and function can be achieved. This approach will ke",400000.0,400000.0,https://www.nsf.gov/awardsearch/showAward?AWD_ID=2545233,,Machine Learning Methods,,,2026-03-02T12:47:32.339759+00:00
nsf-2549901,ERI: Fundamental Study of Multiscale Dynamics of Molecular Mixing and Chemical Reactions in Multiphase Systems,NSF,nsf,2026-07-01T00:00:00,2028-06-30T00:00:00,,"This project will examine how different substances mix and react in flowing mixtures of liquids and gases. When fluids mix and undergo chemical reactions, tiny random swirls of turbulence control how well molecules mix and react. Understanding these processes is very important because they affect the efficiently of energy production, how pollutants spread in the environment, and how chemicals, materials, and medicines are manufactured. However, predicting and controlling mixing and reactions in such chaotic flows is a big challenge because small changes at the microscopic level can lead to very different outcomes. To address this challenge, the project will develop new computer models that more accurately represent mixing and chemical reactions in complex flows at the molecular scale. Better simulation of these processes will help engineers design cleaner engines, more efficient chemical reactors, and processes to create materials with less waste and pollution. The project will also em",200000.0,200000.0,https://www.nsf.gov/awardsearch/showAward?AWD_ID=2549901,Environmental Science | Public Health,Experimental Research | Simulation,Older Adults | Persons with Disabilities,Workforce Development,2026-03-02T12:47:32.342604+00:00
